track_genre,avg_danceability,avg_energy,avg_valence,avg_tempo,avg_loudness,avg_popularity,track_count
pop-film,0.597,0.605,0.529,117.26,-7.872,59.28,1000
k-pop,0.648,0.676,0.557,119.22,-6.468,56.95,999
chill,0.664,0.427,0.404,115.48,-10.461,53.65,1000
sad,0.692,0.462,0.422,119.06,-10.275,52.38,1000
grunge,0.457,0.803,0.4,129.35,-5.661,49.59,1000
indian,0.592,0.567,0.463,116.14,-8.851,49.54,1000
anime,0.537,0.674,0.434,123.53,-7.932,48.77,1000
emo,0.599,0.67,0.441,126.99,-6.719,48.13,1000
sertanejo,0.592,0.71,0.619,127.05,-5.485,47.87,1000
pop,0.63,0.606,0.506,120.93,-6.954,47.58,1000
progressive-house,0.624,0.813,0.365,125.09,-5.421,46.62,1000
piano,0.455,0.32,0.313,118.08,-17.014,45.27,1000
mandopop,0.547,0.498,0.35,123.48,-8.177,45.03,1000
deep-house,0.71,0.742,0.447,120.87,-6.972,44.81,1000
brazil,0.563,0.621,0.47,121.94,-7.602,44.67,1000
electronic,0.653,0.695,0.392,122.95,-7.143,44.33,1000
pagode,0.578,0.712,0.688,126.86,-7.269,44.3,1000
ambient,0.369,0.238,0.168,111.45,-18.585,44.15,997
british,0.501,0.507,0.44,118.83,-10.52,43.8,1000
metal,0.464,0.84,0.418,127.91,-5.425,43.71,1000
metalcore,0.424,0.914,0.315,130.58,-4.458,43.48,1000
hard-rock,0.482,0.795,0.514,125.38,-6.747,42.78,1000
psych-rock,0.503,0.562,0.565,121.57,-9.985,42.78,1000
acoustic,0.55,0.435,0.424,119.01,-9.448,42.48,1000
dubstep,0.518,0.759,0.272,133.63,-5.063,42.32,1000
world-music,0.416,0.534,0.251,121.76,-9.399,41.93,997
forro,0.65,0.79,0.761,140.36,-5.122,41.83,1000
gospel,0.473,0.576,0.321,125.63,-7.195,41.64,1000
j-pop,0.552,0.68,0.542,124.61,-6.28,41.14,1000
french,0.651,0.595,0.43,117.82,-8.851,41.07,1000
garage,0.484,0.744,0.518,127.05,-6.554,40.93,1000
mpb,0.574,0.58,0.556,120.16,-9.11,40.79,1000
turkish,0.616,0.61,0.462,120.37,-8.225,40.7,1000
j-rock,0.509,0.761,0.538,128.52,-5.694,40.66,1000
indie-pop,0.604,0.561,0.461,120.18,-7.997,40.66,1000
dub,0.575,0.715,0.387,129.45,-6.05,40.04,1000
techno,0.684,0.746,0.322,128.26,-8.078,39.04,1000
indie,0.587,0.556,0.468,119.09,-8.286,38.9,1000
samba,0.575,0.673,0.693,118.12,-8.49,38.83,1000
punk,0.5,0.81,0.556,133.6,-5.727,38.29,1000
punk-rock,0.507,0.81,0.567,132.22,-5.917,38.24,1000
folk,0.559,0.546,0.491,118.47,-9.032,38.01,1000
spanish,0.604,0.708,0.548,122.83,-6.487,37.92,1000
groove,0.584,0.764,0.426,123.74,-6.409,37.83,1000
singer-songwriter,0.562,0.434,0.414,119.74,-9.78,37.81,1000
songwriter,0.562,0.434,0.414,119.74,-9.78,37.81,1000
hip-hop,0.736,0.683,0.551,116.77,-5.982,37.76,1000
trance,0.583,0.845,0.277,133.28,-6.33,37.64,1000
swedish,0.59,0.622,0.533,121.09,-7.777,37.18,1000
r-n-b,0.614,0.638,0.633,124.04,-7.539,36.69,1000
synth-pop,0.621,0.713,0.586,122.85,-8.205,36.58,1000
hardcore,0.546,0.842,0.496,125.38,-5.776,36.11,1000
electro,0.652,0.665,0.467,120.84,-6.126,36.08,1000
ska,0.581,0.793,0.697,128.34,-6.353,35.13,1000
children,0.716,0.495,0.694,123.34,-9.407,35.05,1000
edm,0.648,0.756,0.465,122.04,-5.28,35.03,1000
cantopop,0.548,0.462,0.394,124.28,-9.667,34.74,1000
sleep,0.195,0.377,0.068,98.17,-24.535,34.51,862
trip-hop,0.635,0.622,0.478,118.74,-9.24,34.46,1000
rock-n-roll,0.55,0.527,0.67,120.39,-9.382,34.43,1000
house,0.669,0.755,0.495,121.11,-5.264,34.16,1000
minimal-techno,0.729,0.68,0.284,124.75,-9.772,34.02,1000
alt-rock,0.534,0.754,0.518,124.63,-6.191,33.94,1000
disco,0.677,0.738,0.671,121.97,-7.422,33.52,1000
dancehall,0.734,0.685,0.629,112.91,-6.12,33.47,1000
club,0.603,0.722,0.368,123.3,-6.901,33.34,1000
funk,0.678,0.633,0.6,117.76,-6.504,32.32,1000
death-metal,0.368,0.931,0.248,123.78,-5.35,32.17,1000
rockabilly,0.561,0.659,0.727,123.66,-8.202,31.5,1000
show-tunes,0.464,0.399,0.379,114.49,-10.684,31.26,999
blues,0.569,0.582,0.604,116.57,-8.523,31.19,1000
industrial,0.53,0.862,0.425,126.83,-6.024,31.04,1000
malay,0.629,0.578,0.502,119.31,-8.374,30.36,1000
guitar,0.542,0.326,0.434,112.45,-13.989,29.56,996
new-age,0.348,0.215,0.183,107.96,-18.52,29.07,1000
goth,0.479,0.741,0.444,124.27,-7.161,28.91,1000
salsa,0.668,0.725,0.815,119.92,-6.922,28.07,1000
disney,0.463,0.303,0.369,112.06,-14.97,27.54,1000
power-pop,0.473,0.802,0.615,134.65,-6.676,26.9,1000
german,0.524,0.532,0.379,117.5,-11.319,26.75,1000
j-dance,0.681,0.704,0.564,114.92,-6.059,26.66,1000
drum-and-bass,0.535,0.877,0.321,155.24,-4.16,26.66,1000
hardstyle,0.539,0.901,0.312,146.84,-4.346,26.62,1000
heavy-metal,0.428,0.874,0.388,126.61,-5.756,26.23,1000
study,0.685,0.411,0.403,111.76,-10.853,26.11,1000
bluegrass,0.535,0.53,0.635,126.58,-9.923,25.68,1000
latino,0.757,0.732,0.63,119.39,-5.177,25.66,1000
j-idol,0.549,0.869,0.578,136.11,-3.771,24.71,1000
comedy,0.577,0.7,0.455,101.0,-10.457,24.63,1000
opera,0.314,0.317,0.216,105.8,-13.552,24.6,998
afrobeat,0.67,0.703,0.699,119.21,-7.789,24.4,1000
alternative,0.56,0.72,0.496,122.23,-6.079,24.34,1000
reggaeton,0.759,0.739,0.643,118.87,-4.987,23.86,1000
dance,0.688,0.709,0.553,120.13,-5.363,22.69,1000
black-metal,0.296,0.875,0.192,128.6,-6.529,22.45,1000
happy,0.553,0.911,0.327,152.91,-5.417,21.72,1000
party,0.667,0.871,0.681,131.3,-4.412,20.98,1000
reggae,0.745,0.726,0.648,119.87,-5.292,20.63,1000
breakbeat,0.646,0.853,0.475,133.03,-6.034,20.12,1000
tango,0.538,0.373,0.584,114.55,-10.062,19.87,1000
soul,0.6,0.534,0.523,114.63,-8.285,19.8,1000
rock,0.544,0.679,0.539,126.32,-6.664,19.0,1000
country,0.555,0.597,0.521,123.96,-7.282,17.03,1000
honky-tonk,0.571,0.367,0.632,116.56,-11.762,16.36,1000
idm,0.528,0.555,0.303,123.3,-12.409,15.77,1000
kids,0.779,0.613,0.681,121.75,-8.119,14.89,1000
grindcore,0.272,0.924,0.216,119.23,-6.238,14.63,1000
jazz,0.51,0.353,0.491,112.75,-11.58,13.58,999
classical,0.382,0.19,0.381,107.95,-20.145,13.06,1000
chicago-house,0.766,0.733,0.587,123.92,-9.149,12.34,1000
detroit-techno,0.723,0.711,0.469,126.59,-11.086,11.17,1000
latin,0.722,0.727,0.631,119.81,-5.264,8.3,1000
romance,0.433,0.294,0.394,109.8,-13.198,3.22,999
iranian,0.302,0.547,0.154,115.23,-13.036,2.22,996
